,A.0_ID flood wave shape,A.1_Bmax,A.1_Brate,A.1_pfail,A.2_Bmax,A.2_Brate,A.2_pfail,A.3_Bmax,A.3_Brate,A.3_pfail,A.4_Bmax,A.4_Brate,A.4_pfail,A.5_Bmax,A.5_Brate,A.5_pfail,discount rate 0,discount rate 1,discount rate 2
630,118.0,200.31680076904223,1.5,0.7663778143355962,345.95213157012716,10.0,0.12450679101036707,106.28578576284893,10.0,0.6385003347031162,103.462486224363,1.5,0.2130305106949248,228.12113960432828,10.0,0.2764474696564087,1.5,2.5,4.5
724,50.0,274.13488286933085,10.0,0.9961140076098708,321.46953311779663,10.0,0.6671718905363949,184.1360985503172,1.5,0.6578886125253224,122.45559563926909,10.0,0.004491867245705115,160.65529471929284,1.5,0.14411309422052027,2.5,1.5,2.5
