,A.0_ID flood wave shape,A.1_Bmax,A.1_Brate,A.1_pfail,A.2_Bmax,A.2_Brate,A.2_pfail,A.3_Bmax,A.3_Brate,A.3_pfail,A.4_Bmax,A.4_Brate,A.4_pfail,A.5_Bmax,A.5_Brate,A.5_pfail,discount rate 0,discount rate 1,discount rate 2,A.4_Expected Annual Damage 0,A.4_Expected Number of Deaths 0,A.4_Expected Annual Damage 1,A.4_Expected Number of Deaths 1,A.4_Expected Annual Damage 2,A.4_Expected Number of Deaths 2,A.4_Expected Annual Damage 3,A.4_Expected Number of Deaths 3,Total Expected Annual Damage,Total Expected Number of Deaths
724,50.0,274.13488286933085,10.0,0.9961140076098708,321.46953311779663,10.0,0.6671718905363949,184.1360985503172,1.5,0.6578886125253224,122.45559563926909,10.0,0.004491867245705115,160.65529471929284,1.5,0.14411309422052027,2.5,1.5,2.5,39980478.21985789,0.02488153612284675,45874403.52706552,0.02488153612284675,39980478.21985789,0.02488153612284675,39980478.21985789,0.02488153612284675,165815838.1866392,0.099526144491387
810,103.0,325.42439713197086,1.0,0.9396322883516676,124.38649909721642,10.0,0.010042959362451365,282.6548741810168,1.0,0.5921869879434517,181.924516929342,1.5,0.18597676444002967,63.31035329463087,1.0,0.3511604846316459,4.5,2.5,3.5,12973.706332221027,1.0499270620538913e-05,16670.472562178136,1.0499270620538913e-05,14648.819983457757,1.0499270620538913e-05,12973.706332221027,1.0499270620538913e-05,57266.70521007796,4.199708248215565e-05
